season,benzene(ug/mg3),NO,NO2,tolune,Nox,O3,pm2.5,pm10,temperature,wind direcction,relative humidity,wind speed,ambient temp
winter,3.04,250.71,112.15,7.75,442.3,22.44,469.61,742.25,17.52,157.76,65.5,0.61,18.65
winter,2.28,209.9,95.16,4.03,371.36,12.09,519.68,727.35,15.23,237.73,67.18,1.11,17.44
winter,0.75,151.82,85.5,1.01,283.39,14.22,169.14,476.08,14.7,277.08,52.49,1.86,16.95
winter,1.3,267.57,108.85,1.04,462.4,15.1,280.7,519.8,14.98,209.68,57.44,0.95,16.99
winter,1.87,400.27,125.3,6.28,653.32,39.62,408.91,681.16,15.79,182.47,59.57,0.62,17.27
winter,1.35,168,93.15,6.15,312.42,25.69,289.21,560.1,17.33,97.37,58.9,1.6,17.55
winter,0.81,63.31,81.95,1.44,159.49,15.06,312.28,510.49,16.82,167.47,63.89,1.76,17.9
winter,0.62,98.16,69.33,0.65,195.81,10.74,258.55,475.71,14.53,246.92,70.58,0.95,15.37
winter,0.43,98.76,59.14,0.71,187.52,10.88,183.25,344.5,12.38,280.17,70.78,1.31,12.72
winter,0.34,75.9,60.6,0.48,157.64,13.65,143.24,299.33,12.65,281.5,65.19,1.68,13.14
winter,0.61,81.51,69.2,0.67,172.97,15.16,200.8,386.68,12.84,151,61.2,1.15,13.56
winter,1.33,301.02,96.74,1.79,497.27,14.01,339.6,672.07,11.92,197.46,65.33,0.54,13.45
winter,0.75,105.51,67.62,0.97,204.08,9.79,323.85,566.72,10.81,241.41,76.73,0.7,11.52
winter,0.43,89.06,73.91,0.63,187.5,10.61,307.65,531.77,10.2,240.9,71.41,0.97,11.56
winter,0.53,84.65,69.85,0.66,177.81,11.7,235.53,422.96,10.58,230.72,65.68,1.18,11.17
winter,10.93,66.98,73.52,19.58,156.97,13.54,300.89,466.73,10.59,118.46,71.67,1.34,10.3
winter,37.35,123.87,68.47,105.7,230.17,15.71,360.79,544.08,13.03,131.08,67.47,1.03,12.64
winter,39.61,87.29,111.41,59.48,218.47,10.74,388.06,586.09,8.91,235,74.05,0.81,10.79
winter,31,58.86,79.39,54.3,151.12,10.81,275.88,510.62,9.92,225.68,64.42,1.01,10.94
winter,31.33,168.42,,47.21,317.6,12.58,374.62,569.33,13.3,115.86,67.28,1.23,13.17
winter,35.19,275.8,120.94,109.93,484.38,15.16,338.67,532.39,16.07,120.1,60.57,1.02,16.17
winter,41.98,330.54,124.23,97.87,562.08,10.51,354.83,652.46,14.32,225.24,56.69,0.85,17
winter,49.49,292.22,117.1,141.59,503.39,10.58,393.45,761.23,21.67,186.34,57.49,0.73,18.59
winter,40.59,109.96,98.65,111.7,237.9,22.36,344.57,581.17,16.78,184.25,60.81,0.85,20.09
winter,28.74,207.07,98.29,51.31,370.4,12.01,114.42,276.57,15.05,286.47,46.1,1.64,15.66
winter,26.03,295.35,116.81,49.46,494.62,31.42,144.47,366.11,14.2,269.79,42.93,1.41,17.03
winter,41.15,401.73,99.74,83.87,624.37,27.42,262.2,449.07,14.28,249.1,45.83,0.84,17.26
winter,58.73,41.67,60.84,189.73,111.14,23.33,417.96,487.63,14.36,144.9,61.85,1.19,13.95
winter,19.06,122.03,74.29,26.12,232.59,16.77,167.52,254.05,14.18,170.81,58.76,1.29,18.26
winter,24.04,180.44,100.09,47.11,334.46,18,117.18,214.24,16,258.37,58.45,1.04,17.1
winter,29.72,304.56,124.34,63.23,521.25,22.52,172.8,276.22,16.88,273.39,56.29,1.06,18.22
winter,34.99,109.23,91.77,97.65,230.91,14.5,259.32,315.87,15.32,183.32,56.24,0.75,18.68
winter,25.75,101.95,87.43,130.74,217.12,23.14,217.94,287.12,15.34,121.39,52.07,1.66,18.97
winter,25.07,55.62,64.38,47.38,133.27,20.1,195.95,331.95,16,152.49,46.83,1.04,18.65
winter,19.05,74.12,83.09,30.09,175.28,17.23,144.72,321.17,18.78,187.94,39.82,1.86,20.39
winter,16.47,67.03,76.05,39.91,159.3,21.03,89.88,219.75,18.42,262.52,40.53,1.18,21.5
winter,20.53,63.98,76.23,36.78,155.26,19.73,123.25,202.09,16.85,240.98,47.34,1.03,18.42
winter,23.11,72.42,90.1,39.2,179.18,17.03,140.72,178.12,12.96,235.88,47.79,0.92,16.86
winter,25.17,109.66,78.59,50.96,219.77,19.27,131.96,212.37,18.67,237.22,43.74,0.99,19.52
winter,31.28,131.59,81.86,78.18,252.6,9.24,161.68,197.94,16.48,249.66,58.57,1.14,19.7
winter,35.33,249.52,79.6,76.26,411.7,9.22,215.13,294.01,14.14,248.12,56.51,0.88,22.94
winter,37.08,67.91,55.17,149.34,141.82,13.91,192.62,276.5,17.83,238.63,60.01,1.32,23.64
winter,12.95,57.53,48.77,26.39,122.01,47.94,68.91,270.78,20.45,283.29,42.43,2.77,22.79
winter,15.96,187.65,123.19,12.67,366.06,47.12,95.13,118.19,21.88,285.72,53.64,2.5,16.71
winter,37.21,93.86,80.03,192.97,199.49,5.19,79,351.26,19.11,78.19,44.44,1.09,21.27
winter,23.22,175.85,95.91,59.23,325.62,68.23,176.66,288.16,18.84,106.37,42.62,1.95,21.78
winter,26.38,342.1,118.2,100.23,572.5,35.44,161.77,409,19.4,133.6,43.03,1.16,26.52
summer,42.63,390.1,131.28,107.21,649.7,23.28,356.83,524.17,20.02,179.21,59.02,0.54,21.51
summer,49.95,195.43,97.32,244.95,353.61,14.22,304.3,295.47,21.49,133.67,46.13,0.5,22.85
summer,35.87,35.39,50.08,136.72,92.91,25.6,221.37,162.62,22.24,166.79,46.55,1.03,25.66
summer,21.86,76.62,65.04,25.1,162.65,13.35,104.28,190.57,21.36,204.62,59.4,1.2,20.59
summer,22.87,84.78,62.01,39.28,170.94,17.39,121.11,162.5,21.79,233.87,54.97,1.29,23.61
summer,15.91,153.49,93.67,27.85,293.09,20.35,83.45,291.4,22.99,283.66,51.82,1.6,23.78
summer,20.61,208.02,108.56,47.41,380.94,38,87.39,425.97,22.69,272.38,40.21,1.6,26.58
summer,35.32,122.78,81.45,57.69,240.28,16.84,237.02,273.48,21.64,262.65,56.19,0.86,22.5
summer,17.01,59.85,72.3,39.71,146.14,35.76,63.99,192.59,24.48,279.84,33.4,2.11,26.08
summer,20.59,42.95,74.77,37.79,125.3,43.5,92.3,239.37,22.02,170.6,43.28,1.67,25.08
summer,15.89,62.5,49.66,47.2,129.79,30.82,83.04,206.07,21.92,213.87,38.62,1.52,29.71
summer,13.31,23.1,38.97,24.52,66.26,28.82,73,307.64,23.11,260.53,42.14,2.2,24.11
summer,8.65,83.5,81.35,14.58,186.6,73.97,47.18,260.13,24.01,285.02,29.4,3.84,23.6
summer,13.83,4.37,47.03,28.66,47.56,44.35,56.23,280.33,22.94,273.17,22.29,2.25,30.8
summer,16.72,104.96,65.74,32.56,201.87,24.72,113.87,226,22.95,99.97,25.54,3.07,36.09
summer,16.61,76.08,79.72,42.61,174.84,12.8,49.63,203.56,21.84,269.12,43.42,2.09,26.8
summer,15.91,129.33,80.04,35.38,247.89,28.11,57.7,237.21,21.86,278.57,26,2.02,29.63
summer,20.09,67.14,101.54,30.11,182.12,17.06,116.77,224.71,21.57,280.2,41.06,1.57,24.81
summer,14.44,150.93,100.3,29.67,295.47,29.45,65.7,331.83,24.03,267.31,19.64,1.72,35.67
summer,21.86,317.52,86.34,49.15,510.56,18.94,130.57,509.75,25.2,180.37,32.4,1.4,36.18
summer,34.7,53.4,87.08,67.47,150.49,19.37,189.79,225.64,25.47,231.5,38.43,0.72,29.6
summer,16.61,145.77,85.73,103.73,275.5,37.23,73.23,375.46,25.25,134.02,21.69,1.64,34.64
summer,24.27,61.15,77.18,63.76,152.26,17.65,144.64,227.01,24.25,224.94,33.14,1.85,29.82
summer,23.28,134.41,97.04,57.31,269.94,23.34,106.55,304.07,22.23,134.55,29.49,1.5,29.34
summer,47.71,98.71,78.3,63.7,204.57,24.15,281.63,168.45,21.41,194.77,25.53,1.28,30.68
summer,22.52,54.75,50.93,36.64,120.06,22.91,178.61,293.86,31.44,224.39,24.1,1.38,32.2
summer,16.19,75.24,64.47,24.54,160.23,18.94,69.18,299.37,23.37,261.92,30.4,2.88,29.95
summer,10.2,102.77,73.58,16.97,205.99,23.74,55.27,329.51,24.28,283.73,28.97,3.23,30.24
summer,9.62,184.44,96.27,17.79,326.84,24.74,65.27,305.67,24.58,285.33,25.09,3.01,32.23
summer,14.02,261.72,111.39,28.55,456.87,24.44,115.68,413.65,28.35,270.99,22.14,2.23,33.83
summer,25.1,199.48,97.8,50.68,359.58,22.21,215.19,403.58,26.52,260.64,22.82,1.73,34.84
summer,12.08,121.59,79.16,26.33,236.24,11.15,146.69,343.1,28.53,233.66,21.71,0.83,37.08
summer,15.38,77.05,86.48,33.39,182.23,15.62,121.75,379.57,29.08,244.61,26.96,1.78,35.24
summer,21.93,105.33,82.1,57.48,216.99,17.8,153.43,431.08,30.35,156.19,28.82,1.46,34.96
summer,21.5,72.91,66,33.7,158.37,30.86,131.76,406.31,31.67,273.57,22.93,2.65,34.62
summer,9.6,71.76,70,14.2,161.12,120.84,75.63,299.43,31.2,287.03,20.85,3.83,34.38
summer,2.11,278.04,141.08,6.88,468.73,62.55,39.65,397.03,30.21,276.61,6.52,3.29,38.29
summer,11.8,272.79,140.55,61.07,497.91,54.93,148.12,531.95,29.67,217.03,10.14,1.7,36.55
summer,17.71,427.21,171.77,52.07,701.93,60.52,212.23,822.6,27.75,199.87,15.13,1.04,34.73
summer,26.68,190.85,125.6,94.39,372.54,46.48,310.69,559.29,28.02,206.09,20.28,0.97,34.64
summer,18.75,231.62,134.58,43.05,436.21,44.39,263.6,632.51,29.68,226.21,16.96,1.69,34.46
summer,16.44,33.93,89.73,30.67,126.18,27.16,242.4,490.23,29.93,217.49,15.93,1.66,35.02
summer,12.48,36.31,69.89,35.81,111.84,13.71,164.2,423.18,31.11,136.85,26.52,2.64,37.69
summer,16.31,32.85,56.07,51.25,94.79,15.34,96.93,350.77,28.03,127.51,30.56,2.65,34.02
summer,9.09,52.65,79.97,45.12,143.15,16.62,60.63,301.99,29.88,135.28,41.18,3.65,29.94
summer,16.62,48,91.8,51.51,146.88,27.69,64.25,400.46,30.95,147.09,33.03,1.75,31.51
summer,19.4,9.12,60.64,44.24,66.48,22.84,106.59,356.1,31.9,157.02,30.64,1.82,34.07
summer,17.51,3.62,45.48,39.21,45.47,23.55,95.79,278.54,33.5,95.62,34.24,2.94,34.06
summer,11.27,9.73,56.74,22.85,63.85,20.32,77.15,330.05,34.98,95.78,39.76,3.95,32.88
summer,12.98,16.55,65.37,58.67,80.83,25.05,76.51,191.91,32.98,96.06,36.76,3.79,33.41
summer,10.51,44.19,95.99,50.13,145.82,23.57,64.32,488.98,32.5,115.61,45.93,2.67,31.72
summer,16.6,136.09,91.87,63.49,267.8,37.38,115.38,527.89,31.96,172.95,40.47,1.37,35.35
summer,23.08,137.21,96.43,72.9,273.28,40.11,130.16,477.06,32.25,191.1,35.52,1.53,36.32
summer,19.75,108.49,86.5,62.25,225.21,34.27,140.23,550.11,31.72,171.13,30.63,1.1,36.68
summer,17.49,123.93,99.17,43.5,257.67,24.93,137.92,513.77,29.86,173.77,21.95,1.24,39.85
summer,11.3,107.76,83.7,22.07,221.68,29.91,119.83,507.36,29.59,247.11,19.3,1.71,38.43
summer,10.17,121.02,108.94,20.88,262.34,55.3,89.38,507.56,30.88,266.97,19.02,2,38.89
summer,12.79,7.74,57.53,31.16,61.83,22.34,120.19,349.2,32.07,216.32,19.34,1.62,39.2
summer,8.25,9.07,46.48,18.12,53.73,23.21,86.62,299.4,32.57,93.83,35.92,3.81,36.63
summer,6.32,5.95,32.65,20.65,37.21,23.14,67.89,421.31,31.76,111.6,43.85,3.86,36.53
summer,5.05,118.47,74.64,9.42,228.29,34.63,64.06,283.82,31.91,102.12,46.38,4.19,34.59
summer,23.61,76.19,78.46,114.04,173.93,28.88,98.48,454.58,31.42,135.14,59.26,1.32,27.71
summer,15.63,70.16,71.81,60.21,159.8,40.51,136.97,593.05,32.86,173.26,50.93,1.57,32.21
 monsoon,17.51,132.24,78.2,39.41,250.33,37.06,121.75,665.84,34.66,228.11,37.51,1.63,35.73
 monsoon,17.97,117.86,97.96,40.93,248.26,72.9,129.37,560.34,35.69,266.55,30.88,1.92,38.16
 monsoon,28.05,37.14,79.11,88.04,121.2,67.01,246.8,484.81,32.51,152.17,35.06,1.33,37.96
 monsoon,20.38,6.28,33.41,70.57,38.34,25.95,275.76,276.47,29.1,142.44,35.11,1.98,39.1
 monsoon,7.67,13.73,51.33,43.24,64.48,28.36,100.69,310.33,29.39,94.14,47.96,3.99,36.39
 monsoon,9.19,12.74,51.75,50.96,63.51,24.55,131.91,286.96,32.39,99.59,43.06,3.49,34.84
 monsoon,9.09,7.87,59.08,68.11,63.39,17.55,97.68,235.45,33.05,89.79,46.39,3.83,33.54
 monsoon,11.25,33.21,55.89,60.61,95.15,23.97,78.25,287.62,31.96,90.58,41.32,3.33,35.26
 monsoon,11,53.57,63.84,57.71,129.82,17.23,77.15,407.68,33.81,116.32,43.22,3.13,34.78
 monsoon,13.75,71.29,72.31,49.18,161.76,27.05,87.71,510.85,32.08,143.24,38.09,2.35,35.04
 monsoon,12.59,99.69,74.33,35.74,202.37,17.9,98.96,683.96,34.07,213.16,47.75,1.82,32.71
 monsoon,11.14,98.74,62.72,28.98,190.59,18.03,109.71,555.61,35.13,260.08,36.71,1.57,35.51
 monsoon,8.87,95.01,59.5,19.41,182.81,17.88,115.36,407.2,34.97,251.65,42.06,2.13,35.84
 monsoon,8.63,44.63,53.97,22.69,109.02,16.05,72.44,514.8,36.38,242.65,53.22,2.28,32.46
 monsoon,11.19,11.33,36.9,46.59,48.34,21.02,110.89,161.84,34.48,140.48,53.04,2.48,33.99
 monsoon,5.76,31.36,58.37,40.31,94.9,26.55,49.84,202.79,32.93,97.59,54.96,3.9,32.29
 monsoon,7.17,8.29,36.2,44.25,43.56,17.04,62.47,202.42,34.74,108.5,54.73,2.73,32.89
 monsoon,6.24,8.21,44.97,27.95,51.28,7.98,59.45,162.59,33.49,94.31,53.8,3.92,34.76
 monsoon,6.4,20.56,50.59,20.23,73.16,8.88,58.83,134.73,35.63,93.61,56.94,3.5,34.01
 monsoon,8.08,11.72,43.37,33.39,54.65,9.53,53.37,94.69,27.77,95.7,64.94,3.11,31.53
 monsoon,6.45,14.64,45.49,24.74,60.52,21.07,44.56,177.55,25.41,105.82,65.27,3.13,31.2
 monsoon,6.77,41.81,74.66,31.11,123.43,17.71,55.67,209.09,33.49,106.33,61.8,2.94,31.96
 monsoon,8.94,64.2,71.18,30.52,151.07,22.28,71.93,636.51,33.52,167.7,53.18,1.9,33.86
 monsoon,9.6,5.02,37.61,32.24,40.36,14.73,123.19,226.97,41.02,214.5,45.97,1.8,36.69
 monsoon,6.84,5.53,33.95,22.15,37.79,14.59,81.85,149.69,59.97,93.76,57.66,3.62,34.67
 monsoon,6.79,8.61,41.1,23.22,48.38,14.51,64.83,164.84,36.65,95.97,60.02,3.55,34
 monsoon,4.73,35.12,56.27,36.82,98.09,29.28,64.17,167.36,31.22,93.78,60.91,3.65,33.86
 monsoon,5.37,11.83,43.91,54.2,55.27,16.26,54.15,94.65,31.91,116.35,64.97,2.41,31.11
 monsoon,4.28,23.21,49.42,26.24,75.71,15.91,37.29,184.53,33.48,95,56.88,3.18,34.44
 monsoon,5.58,46.61,54.94,33.99,112.28,12.2,53.83,215.21,32.71,118.73,55.19,2.44,35.84
 monsoon,5.35,57.55,63.76,21.63,135.43,26.64,56.61,210.13,30.36,168.71,64.99,2.24,33.47
 monsoon,6.85,32.19,58.61,34.61,96.17,32.2,46.52,143.03,30.04,161.7,69.44,1.65,28.36
 monsoon,7.13,42.06,60.39,41.13,111.26,40.57,67.04,142.4,30.38,115.41,73.46,1.6,29.05
 monsoon,5.65,63.34,78.18,27.47,156.15,22.96,51.51,372.39,30.28,128.76,68.36,1.48,30.67
 monsoon,9.13,38.31,45.94,30.05,93.15,16.33,89.04,219.47,32.27,179.53,61.12,1.42,33.56
 monsoon,6.01,10.68,37.97,20.26,48.41,14.22,68.13,120.73,33.69,137.61,64.83,2.47,32.65
 monsoon,4.61,28.7,50.65,19.2,84.13,12.98,34.57,137.58,30.09,117.92,59.99,2.46,33.4
 monsoon,6.58,25.34,37.34,23.3,67.87,13.86,47.45,142.69,34,127.18,64.41,1.91,32.05
 monsoon,4.77,35.02,56.1,22.97,97.78,12.8,41.42,160.79,35.49,115.59,64.23,2.45,32.51
 monsoon,6.78,17.85,39.83,32.86,59.87,11.54,55.9,99.16,31.15,138.06,62.6,1.52,32.42
 monsoon,5.44,53.78,25.72,22.98,96,10.74,45.1,85.75,28.14,106.66,67.72,2.48,31.06
 monsoon,9.55,44.03,21.03,51.85,78.85,22.77,52.71,141.42,29.27,144.98,72.67,1.87,30.54
 monsoon,10.69,124.72,65.9,68.71,229.32,13.71,87.4,380.69,29.45,91.55,72.31,1.91,30.85
 monsoon,6.04,80.59,43.92,15.93,148.88,15.08,55.73,57.32,34.86,254.53,71.01,1.26,31.46
 monsoon,6.57,80.85,38.85,23.85,145.01,13.21,36.3,61.17,31.74,219.12,81.85,1.21,27.33
 monsoon,6.47,84.6,39.03,22.76,150.15,14.64,42.59,158.46,32.84,248.33,76.42,1.01,28.61
 monsoon,8.93,69.08,42.25,26.03,131.99,21.57,41.31,432.21,31.01,255.75,73.69,1.11,29.06
 monsoon,8.13,122.19,64.54,23.85,224.35,20.87,61.13,591.12,31.61,270.88,64.12,1.72,32.56
 monsoon,6.73,112.49,62.65,20.1,209.2,22.95,77.8,633.71,32.29,271.48,59.08,1.59,34.29
 monsoon,7.6,44.84,51.81,17.95,107.4,25.67,90.47,278.25,31.31,250.8,52.49,1.5,35.07
 monsoon,5.43,6.74,28.63,40.33,34.72,17.49,64.72,105.14,28.89,135.81,62.27,2.59,33.16
 monsoon,2.71,24.1,73.61,17.43,99.12,31.16,40.39,215.08,30.13,101.52,72.61,3.53,29.24
 monsoon,8.81,41.01,73.19,29.82,121.71,27.87,83.24,286.56,29.41,119.67,65.7,1.64,31.57
 monsoon,9.87,18.32,45.32,42.4,65.78,25.71,97.64,134.99,29.7,134.24,65.97,1.25,32.2
 monsoon,5.98,32.29,36.05,36.43,76.7,26.1,63.22,66.49,27.31,111.79,74.19,2.41,30.05
 monsoon,4.65,40.36,36.94,43.36,87.88,36.39,42.92,94.84,27.78,105.54,79.17,2.78,27.85
 monsoon,7.15,57.02,40.32,48.68,113.79,40.33,52.83,90.5,28.76,119.9,75.68,1.78,28.93
 monsoon,6.79,44.49,37.29,51.06,93.97,24.21,59.82,73.99,30.27,120.23,82.23,1.18,27.43
 monsoon,6.09,37.93,32.16,42.57,80.44,41.98,48.19,80.06,32.22,119.11,80.93,1.47,27.9
 monsoon,4.29,22.39,28.46,42.64,55.92,22.63,46.38,73.38,32.64,116.41,76.69,1.58,28.74
 monsoon,4.27,29.44,34.33,44.39,70.8,54.3,43.61,72.72,31.53,96.15,78.29,2.66,28.28
 monsoon,5.88,26.53,36.14,55.14,68.42,24.83,48.69,114.95,29.77,99.38,73.18,2.34,29.21
 monsoon,4.98,18.29,34.34,91.23,55.58,23.86,43.27,129.75,31.41,89.1,63.33,2.5,31.56
 monsoon,4.74,16.12,36.62,56.18,54.65,24.89,42.97,130.06,31.49,89.38,60.42,3,32.96
 monsoon,4.05,38.34,41.04,33.5,88.92,24.78,40.75,124.6,29.53,98.2,58.91,2.31,33.57
 monsoon,5.02,24.2,31.22,72.61,60.86,25.38,46.14,128.46,28.16,96.09,72.06,1.81,29.09
 monsoon,4.11,17.81,30.95,39.79,51.88,28.23,47.81,91.26,31.05,88.34,69.89,2.41,28.96
 monsoon,3.13,19.43,25.84,24.58,49.57,30.66,37.45,31.42,27.14,89.67,74.89,3.3,27.84
 monsoon,5.06,83.59,39.59,37.72,149.43,26.84,22.94,107.14,27.27,98.2,79.48,2.94,28.98
 monsoon,8.01,75.38,55.18,29.47,152.09,17.71,50.79,176.11,28.72,167.7,76.6,1.18,30.05
 monsoon,8.67,84.8,45.68,42.37,156.51,18.4,95.01,138.87,28.38,204.46,76.59,0.78,29.83
 monsoon,4.63,85.27,43.69,13.5,155.41,17.44,55.95,449.94,29.33,216.77,74.99,0.97,31.77
 monsoon,2.45,111.82,44.43,7.02,192.18,14.12,95.75,620.72,30.71,258.63,64.56,1.58,31.25
 monsoon,4.34,69.97,47.31,18.09,137.67,18.83,74.36,520.4,31.62,266.21,62.58,1.63,29.88
 monsoon,6.47,50.19,48.87,30.88,112.08,19.56,54.36,264.04,32.78,197.82,65.19,1.4,29.32
 monsoon,7.1,42.14,47.95,47.34,100.27,34.12,64.6,294.24,30.48,138.52,73.14,0.85,31.88
 monsoon,3.22,13.05,37.16,46.04,50.93,35.34,35.59,142.22,34.18,145.79,63.3,1.4,31.52
 monsoon,2.28,8.14,30.39,14,38.19,32.02,20.84,117.57,27.27,90.85,63.87,3.49,30.71
 monsoon,3.25,11.98,33.84,16.11,46.51,33.92,25.81,156.67,28.06,97.26,63.29,3.14,31.08
 monsoon,3.45,11.04,36.98,23.79,48.03,32.51,37.47,152.71,30.46,103.07,61.68,2.74,31.15
 monsoon,2.35,16.04,37.88,35.27,55.64,32.08,29.32,168.98,36.11,98.14,63.76,2.4,30.73
 monsoon,11,149.94,69.08,51.5,266.34,34.49,57.1,214.07,29.06,92.29,66.97,4.76,30.92
 monsoon,8.64,102.67,58.17,35.95,192.09,32.95,58.1,153.01,29.03,181.86,70.16,0.86,31.76
 monsoon,5.47,38.18,45.42,21.86,92.52,32.08,48.6,271.63,31.41,205.75,66.75,0.73,33.69
 monsoon,6.06,47.5,46.62,35.73,106.16,35.06,65.81,296.19,31.27,167.1,58.3,2.44,29.85
 monsoon,6.95,38.96,74.76,35.85,119.8,40.66,55.79,105.64,30.12,167.24,71.8,1.38,29
 monsoon,4.92,39.69,46.25,40.07,95.41,33.52,29.86,58.4,29.94,160.42,73.87,0.81,27.11
 monsoon,7.89,72.15,58.85,41.19,150.92,38.56,41.68,72.75,30.61,108.06,79.23,1.64,27.87
 monsoon,7.26,102.61,50.91,24.12,185.39,35.15,54.83,216.04,29.11,166.21,77.73,1.08,30.35
 monsoon,6.22,89.91,54.76,20.1,171.67,31.94,60.9,489.41,29.9,274.82,69.88,1.48,30.86
 monsoon,4.57,105.78,48.44,11.24,187.2,30.02,81.69,622.15,30.09,278.72,59.78,1.71,31.37
 monsoon,3.48,111.22,47.43,10.59,193.81,54.39,57.56,541.98,30.87,265.97,59.42,1.49,31.26
 monsoon,5.5,92.61,41.96,13.98,163.51,39.42,61.41,553.75,30.72,267.02,57.19,1.57,31.26
 monsoon,5.59,90.11,49.17,16.98,166.89,23.19,67.06,525.22,28.68,273.29,55.36,2.1,31.73
 monsoon,6.23,95.33,53.61,22.56,177.43,19.64,65.48,518.04,29.37,277.82,54.04,1.67,32.14
 monsoon,7.62,105.33,53.29,22.57,191.01,30.38,81.23,522.2,28.4,279.23,53.49,1.55,32.54
 monsoon,7.59,109.18,52.38,22.73,195.48,20.38,56.4,436.06,27.1,277.84,52.24,1.45,32.26
 monsoon,6.75,123.98,53.65,18.7,216.78,24.52,60.75,352.93,28.41,273.16,51.02,1.54,32.43
 monsoon,5.58,104.99,47.15,17.98,184.98,28.67,54.63,356.36,30.74,264.44,51.09,1.13,32.13
 monsoon,7.64,79.99,50.61,46,154.33,20.63,70.67,366.39,29.82,255.63,51.37,1.32,32.19
 monsoon,4.79,33.37,49.87,28.35,90.01,39.03,50.26,210.61,28.87,177.35,56.65,1.44,31.04
 monsoon,5.98,37.08,59.89,28.46,104,22.9,90.87,371.3,31.2,123.24,60.08,1.33,32.6
 monsoon,7.09,40.8,64.89,25.3,113.57,26.89,88,379.96,29.9,194.32,55.13,0.84,32.64
 monsoon,7.15,72.37,69.54,24.12,160.76,31.71,102.04,413.86,30.08,180.21,53.99,0.81,32.41
 monsoon,6.03,28.73,61.83,28.69,94.32,22.76,94.9,292.57,30.5,166.24,55.82,0.77,32.2
 monsoon,6.34,37.83,68,23.35,112.24,37.33,81.38,269.2,29.68,111.35,53.57,1.44,32.84
 monsoon,12.73,138.92,119.49,87.94,296.17,41.64,131.19,611.73,30.19,127.21,52.31,1.21,33.2
 monsoon,4.43,41.12,63.34,35.21,112.38,49.35,101.79,315.3,29.6,96.98,48.15,0.8,32.13
 monsoon,3.32,17.25,49.34,39.56,67.51,49.29,35.28,100.61,30.45,98.38,57.07,2.04,28.46
 monsoon,3.73,28.29,63.24,24.6,94.96,26.62,69.82,228.22,30.33,93.28,67.11,2.87,30.54
 monsoon,4,30.64,53.24,19.67,89.27,28.19,56.14,170.31,30.16,119.15,60.67,1.49,30.7
 monsoon,3.55,41.25,57.2,18.73,107.31,54.92,61.06,239.67,30.55,115.4,59.51,1.7,30.84
 monsoon,5.87,53.49,65.25,33.69,131.18,28.08,107.66,325.35,30.98,127.31,58.76,1.24,31.16
 monsoon,4.2,33.97,51.18,8.33,91.96,31.9,64.47,190.74,30.88,108.68,58.59,1.23,32.02
 monsoon,6.37,57.79,95.63,37.05,163.15,33.94,118.05,452.95,28.68,154.03,57.36,1.31,33.23
 monsoon,4.16,17.09,59.9,19.14,76.7,28.9,109.92,266.9,29.27,124.27,47.91,1.22,31.49
 monsoon,4.33,55.98,72.68,18.18,141.29,32.42,113.09,362.81,29.76,101.13,58.74,1.9,31.66
post monsoon,6.69,54.29,72.41,40.15,138.65,49.81,125.79,350.75,30.09,138.74,58.09,0.9,32.54
post monsoon,4.26,51.78,59.96,17.98,124.15,44,89.58,342.69,28.76,102.84,55.68,1.38,32.74
post monsoon,2.76,35.07,65.32,12.19,106.08,48.46,118.57,343.23,32.02,124.04,57.87,1.28,33.04
post monsoon,6.79,74.22,76.5,26.6,169.51,59.31,193.12,404.38,31.86,138.89,57.74,1.1,30.24
post monsoon,10.71,132.21,82.49,43.29,254.05,29.49,113.53,254.67,30.76,157.04,66.66,0.82,28.61
post monsoon,7.66,72.17,85.11,24.23,174.4,21.15,154.39,375.12,31.65,205.04,68.34,0.54,30.2
post monsoon,5.86,118.71,76.24,15.64,230,20.65,132.22,518.61,31.58,158.55,65.22,0.93,30.98
post monsoon,7.48,109.61,79.73,19.37,220.73,19.25,183.62,604.48,29.89,243.51,58.92,0.73,31.13
post monsoon,8.41,147.19,90.55,54.52,281.69,25.62,190.8,572,28.37,206.93,52.89,0.67,30.4
post monsoon,8.84,165.78,95.99,33.47,311.94,23.13,172.46,559.56,29.79,125.01,52.63,0.62,30
post monsoon,7.08,131.9,98.26,15.82,267.64,17.13,187.65,599.32,29.99,241.48,48.43,0.6,29.81
post monsoon,8.92,142.23,105.27,19.58,288.06,21.37,132.57,567.65,30.89,272.1,45.45,0.92,29.29
post monsoon,8.74,184,96.52,23.34,337.17,34.75,106.97,594.45,29.81,256.77,41.91,0.83,29.14
post monsoon,11.07,190.53,106.34,23.39,354.9,38.29,121.46,600.69,29.83,260.25,36.72,0.9,29.11
post monsoon,4.19,169.76,132.53,12.06,349.88,78.64,165.19,625.41,28.73,251.22,37.49,0.71,28.89
post monsoon,28.49,150.66,108.53,81.73,302.45,77.07,174.5,614.07,29.37,262.56,37.78,0.66,28.85
post monsoon,30.81,204.15,104.53,70.92,372.02,51.1,180.43,623.72,28.78,189.42,38.27,0.65,28.36
post monsoon,28.17,233.6,105.42,86.05,412.95,27.87,208.07,617.94,29.03,226.7,37.65,0.62,27.96
post monsoon,33.66,280.99,111.08,196.03,461.38,21.46,171.2,606.96,26.78,233.79,41.19,0.68,28.34
post monsoon,26.43,419.26,108.84,104.81,655.63,27.28,172.93,679.8,27.47,206.68,40.17,0.63,28.32
post monsoon,23.99,502.3,110.69,56.87,769.71,36.99,201.74,658.44,27.15,226.89,39.24,0.75,28.35
post monsoon,30.28,259.79,100.85,58.11,444.48,39.8,168.16,637.73,26.6,242.74,39.94,0.87,28.66
post monsoon,33.07,176.19,113.54,76.1,341.73,28.54,229.26,685.31,26.77,247.99,39.76,0.89,27.87
post monsoon,35.18,210.63,108.25,117.09,372.42,22.41,209.37,652.43,26.98,269.73,39.78,0.83,27.94
post monsoon,29.52,310.21,107.47,95.69,516.35,23.99,150.11,529.39,27,260.16,38.66,0.71,27.19
post monsoon,16.33,286.97,127.78,35.75,500.33,27.73,257.75,650.38,27.48,244.22,42.68,0.89,27.27
post monsoon,27.55,313.96,139.77,72.87,553.24,38.81,348.87,789.48,27.03,200.9,45.36,0.55,26.44
post monsoon,20.77,425.57,157.54,44.73,677.68,42.17,396.47,655.72,26.8,233.42,44.07,0.62,25.83
post monsoon,13.71,339.49,153.16,22.62,600.06,39.77,402.94,712.26,26.4,239.9,43.06,0.6,24.87
post monsoon,17.2,194.84,106.66,34.47,361.11,77.19,350.21,"1,877.67",26.5,120.96,48.41,0.65,24.37
post monsoon,18.18,256.77,112.54,58.92,450.93,50.83,441.01,846.94,25.6,123.26,54.69,0.74,24.2
post monsoon,20.26,312.21,137.96,98.66,549.22,32.09,441.14,988.29,24.08,143.32,53.88,0.39,24.46
post monsoon,11.59,361.15,166.25,64.83,622.54,31.02,472.77,"1,209.04",25.33,199.84,50.8,0.38,24.24
post monsoon,11.35,454.7,155.16,40.53,728.52,37.69,426.82,"1,059.58",24.88,185.53,53.06,0.36,24.91
post monsoon,10.82,455.25,169.3,30.16,772.63,31.86,450.49,"1,182.77",23.78,217.66,52.47,0.4,24.12
post monsoon,14.2,353.08,163.46,32.28,627.72,50.22,783.31,"1,403.58",23.37,218.12,54.49,0.38,22.23
post monsoon,13.06,400.91,186.93,28.47,714.06,51.11,848.55,"1,650.65",22.6,247.52,60.54,0.47,21.67
post monsoon,9.67,291.58,150.57,19.04,532.32,49.65,552.81,"1,132.20",23.19,210.08,63.81,0.31,23.04
post monsoon,12.55,169.21,142.22,25.19,357.78,21.13,423.53,744.55,22.71,245.41,50.38,0.7,23.4
post monsoon,15.7,288.34,168.49,63.4,543.9,24.1,441.16,860.59,22.1,274.5,42.59,1.03,22.58
post monsoon,18.05,461.6,192.13,125.56,667.12,22.29,404.94,625.48,22.04,231,41,0.52,22.47
post monsoon,18.09,434.76,158.8,60.98,689.35,40.53,397.79,630.27,22.38,194.59,43.14,0.38,22.43
post monsoon,17.5,287.99,139.04,41.61,511.22,37.86,335.51,597.75,21.96,119.64,48.62,0.82,22.68
post monsoon,13.63,243.16,127.51,29.55,445.67,32.37,274.72,611.66,20.85,132.14,47.83,0.97,22.94
post monsoon,13.77,232.83,117.26,30.09,422.47,28.3,208.09,551.9,21.37,134.64,46.96,0.74,23.28
post monsoon,7.28,383.65,132.01,14.43,632.11,28.72,314.12,"1,013.55",22.79,132.84,42.39,0.43,21.92
post monsoon,8.71,320.45,131.68,17.85,554.84,14.88,351.38,967.93,20.02,207.81,44.61,0.43,21.13
post monsoon,8.57,152.92,110.77,16.62,307.64,28.78,237.56,655.65,25.18,230.12,41.55,0.65,21.73
post monsoon,12.72,240.06,129.58,29.65,443.32,16.26,277.12,890.57,21.43,276.89,37.98,0.85,21.13
post monsoon,21.01,309.73,149.81,78.18,544.86,18.5,291.52,"1,042.81",20.42,257.63,43.05,0.68,21.32
post monsoon,14.32,470.67,133.65,44.87,761.83,16.57,374.25,"1,399.45",20.79,221.74,44.01,0.42,20.88
post monsoon,21.06,417.55,165.79,75.32,643.03,15.18,341.57,"1,146.77",19.86,167.26,49.97,0.7,21.62
post monsoon,18.99,385.04,141.37,40.14,638.24,19.93,224.08,974.16,19.79,185.53,49.52,0.48,22.47
post monsoon,19.58,349.96,143.17,41.84,553.54,53.8,241.25,816.73,20.94,245.84,42.79,0.62,22.02
post monsoon,20.11,220.08,135.11,48.71,418.72,12.78,293.84,"1,017.05",21.8,251.82,45.94,0.57,21.84
post monsoon,16.54,69.02,76.36,32.43,157.1,14.68,137.23,665.07,21.58,255.82,43.39,0.67,23.34
post monsoon,29.75,93.76,81.48,85.4,200.56,11.26,123.47,572.67,20.64,283.83,30.59,1.69,24.27
post monsoon,25.79,102.65,90.02,64.94,219.04,13.07,157.13,675.85,20.83,281.35,31.13,1.53,23.38
post monsoon,24.46,179.25,108.75,50.54,339.72,13.89,197.59,627.29,21.9,278.67,33.42,1.12,22.27
post monsoon,21.43,166.37,138.18,58.83,330.62,16.55,376.14,999.84,23.08,259.57,32.94,0.98,20.91
post monsoon,13.17,13.83,84.22,21.66,76.86,17.28,316.51,595.05,22.24,171.84,49.3,0.38,19.56
winter,15.58,117.03,100.42,36.56,185.03,17.31,371.39,620.96,20.87,157.62,71.71,0.93,20.09
winter,18.84,264.77,122.11,46.38,469.25,15.89,345.31,773.09,19.79,149.65,72.8,0.76,19.84
winter,15.63,356.23,135.14,37.23,561.53,10.98,276.37,964.3,19.98,229.93,68.37,0.43,19.34
winter,16.3,515.23,135.89,33.28,809.32,10.47,347.16,"1,197.75",20.38,215.28,56.61,0.48,18.85
winter,15.11,20.01,9.87,29.04,41.77,10.09,314.29,996.86,17.59,254.33,51.27,0.51,18.97
winter,21.8,30.51,55.87,48.74,87.2,8.82,439.91,782.84,19.43,220.9,50.48,0.53,16.86
winter,17.07,82.08,79,36.71,182.49,9.1,332.91,580.57,21.04,103.17,66.69,1.16,17.16
winter,14.34,175.15,98.19,29.39,326.65,12.89,311.18,548.22,20.79,142.75,68.63,0.55,16.23
winter,14.25,57.73,44.86,27.23,110.28,13.41,409.37,695.88,21.25,135.1,68.58,0.76,18.05
winter,7.45,4.52,8.84,13.41,20.98,15.72,221.54,299.33,20.02,143.16,65.66,0.77,14.62
winter,8.62,0.2,0.24,16.07,0.25,10.83,276.73,689.53,19.97,105.14,76.52,1.84,18.06
winter,12.52,180.31,87.1,27.9,318.63,10.57,302.56,816.11,21.08,175.71,68.52,0.9,19.85
winter,19.64,6.41,0.34,52.92,0.32,10.22,236.28,653.98,20.85,210.24,56.73,0.43,19.59
winter,18.83,408.08,132.19,73.73,682.53,25.19,184.59,468.57,21.84,212.22,54.42,0.43,17.94
winter,9.15,240.85,128.2,18.45,434.06,29.99,197.17,618.09,21.89,253.34,57.61,0.52,17.51
winter,11.31,217.03,130.91,22.2,413.01,9.92,271.98,704.15,21.99,258.89,53.22,0.68,17.12
winter,14.89,105.32,105.86,30.48,238.14,10.6,273.82,693.95,20.07,214.94,52.3,0.37,16.57
winter,17.07,213.46,109.27,49.58,377.75,20.92,264.65,648.79,19.75,243.91,56.58,0.36,16.34
winter,14.24,277.42,125.86,47.25,490.97,19.76,277.45,657.21,18.81,228.95,53.23,0.33,16.87
winter,11.91,396.06,150.76,27.64,652.91,11.78,175.82,397.14,18.77,269.52,54.89,0.64,17.88
winter,11.72,363.11,116.27,30.54,465.35,13.27,162.3,512.37,17.97,281.1,51.47,1.23,18.29
winter,13.56,86.77,87.01,45.16,181.73,13.49,272.8,729.41,18.52,180.58,46.54,1.14,17.45
winter,18.23,149.23,94.29,39.79,287.81,16.16,534.76,998.57,20.2,126.63,49.96,0.44,16.92
winter,23.31,201.39,104.39,45.73,368.04,12.3,509.43,807.88,20.65,225.87,61.79,0.34,16.7
winter,20.86,446.13,154.21,55.52,693.3,17.44,272.83,399.61,19.55,120.39,65.19,1.28,14.96
winter,12.85,216.72,89.33,31.06,323.55,17.99,137.73,400.5,15.67,216.31,70.84,1.17,16.4
winter,8.1,35.57,76.96,22.21,115.09,26.95,241.51,576.83,20.74,282.19,63.13,0.7,16.6
winter,6.32,58.94,83.46,14.95,141.53,25.49,340.79,705.58,18.24,259.62,54.39,0.64,16.99
winter,7.14,235.94,78.58,21.33,303.82,20.74,367.43,568.59,18.98,214.63,53.48,0.41,14.1
winter,8.23,245.99,87.08,15.8,404.89,22.04,237.41,347.85,19.44,110.53,69.98,1.81,13.33
winter,6.67,330.48,117.06,14.18,555.63,39.44,231.19,338.38,16.44,100.76,73.14,1.94,14.48
winter,8.68,454.89,99.08,15.31,549.19,20.22,199.82,357.39,14.81,107.21,70.63,1.48,16.64
winter,13.91,206.61,115.87,23.55,378.75,19.36,256.89,521.74,15.05,130.48,66.85,1.07,17.76
winter,12.45,81.35,68.22,25.12,124.95,18.67,271.06,558.62,13.99,172.69,62.82,0.59,17.84
winter,10.26,22.47,38.94,24.06,56.41,21.35,270.88,460.71,17.07,236.36,63.5,0.41,18.09
winter,8.05,74.06,60.61,16.32,136.15,26.86,247.18,510.76,19.25,163.9,62.99,0.95,18.94
winter,8.71,105.3,73.09,15.33,202.21,20.75,190.62,322.4,17.12,181.55,62.52,0.39,17.84
winter,20.76,125.35,80.61,40.64,239.62,18.81,143.59,181.74,12.74,103.31,67.6,2.19,14.32
winter,20.53,125.27,89.01,40.76,250.42,22.89,146.55,315.07,13.65,97.07,78.33,2.8,14.9
winter,16.42,206.49,104.42,31.19,375.03,12.75,132.49,414.74,16.55,138.8,68.08,0.85,14.89
winter,14.85,188.13,102.14,37.97,347.94,11.92,105.81,436.99,10.92,248.23,60.79,0.45,13.31
winter,18.28,71.44,76.21,61.65,165.44,13.91,157.41,504.61,15.91,284.64,44.84,0.81,12.02
winter,13.89,86.6,61.57,57.45,158.28,16.81,273.18,675.81,14.63,258.75,43.74,0.7,12.06
winter,8.89,87.75,92.76,28.58,202.53,16.55,229.59,607.19,16.23,247.85,51.82,0.49,13.22
winter,6.15,145.31,109.16,14.32,295.63,16.44,239.08,530.45,14.28,260.45,49.16,0.55,19.25
winter,10.83,299.06,122.47,21.32,508.38,15.89,180.77,403.06,20.8,148.21,36.71,0.76,14.53
winter,8.21,200.69,86.84,17.58,246.73,18.88,136.7,315.36,17.24,221.88,55.44,1.1,11.23
winter,12.88,45.36,59.29,26.74,99.23,21.44,180.43,387.63,19.58,270.86,65.21,1.02,13
winter,10.98,94.11,57.28,34.53,174.93,13.45,144.5,329.65,16.33,234.37,61.19,0.64,14.33
winter,9.66,93.48,62.39,20.55,181.77,13.83,115.67,282.27,17.45,283.62,55.74,1.13,14.52
winter,18.05,112.05,70.81,42.78,212.67,13.72,157.4,520.68,15.06,286.44,53.25,1.21,21.4
winter,11.43,223.54,92.23,33.24,385.4,16.72,242.91,669.74,15.94,265.97,48.53,0.71,19.02
winter,6.98,205.56,82.35,29.7,353.22,15.64,239.33,494.65,16.81,213.38,55.52,0.45,19.7
winter,4.93,216.86,86.86,18.14,373.51,15.15,127.99,188.29,17.69,118.38,59.3,1.84,17.7
winter,8.23,311.41,106.56,19.83,520.2,15.3,61.78,87.75,19.83,126.84,74.09,1.79,15.63
winter,4.34,258.18,107.92,10.25,445.18,15.83,110.28,161.14,21.38,268.68,72.15,1.03,15.14
winter,6.93,169.62,75.65,14.59,198.62,15.23,123.47,194.59,23.74,281.82,71.9,0.95,16.19
winter,6.24,195.31,62.47,12.43,163.32,11.94,207.54,364.74,23.36,282.89,69.4,0.78,16.91
winter,5.89,129.45,67.89,13.08,237.27,11.42,217.85,413.25,18.22,218.08,67.47,0.35,17.87
winter,7.16,74.84,68.24,14.62,157.34,10.27,146.37,381.46,19.04,227.43,64.2,0.52,16.91
winter,4.62,103.76,88.75,10.91,214.36,9.48,226.91,690.02,17.97,251.56,64.12,0.67,17.54
winter,7.58,104.47,71.39,17.18,191,9.6,214.41,749.11,16.85,205.43,59.81,0.45,18.37
winter,10.62,104.66,75.94,25.53,199.5,10.07,216.91,450.6,18.69,159.96,58.12,0.38,18.07
winter,13.65,126.06,90.34,27.43,251.74,10.81,166.46,332.46,18.71,106.16,66.14,2.07,18.48
winter,7.65,29.89,106.32,17.69,127.48,21.25,191.71,518.74,18.13,110.22,64.97,2,18.1
winter,7.63,103.97,110.87,15.72,228.72,10.62,82.33,356.64,15.52,235.63,60.69,0.99,16.59
winter,9.38,133.72,125.14,22.03,289.84,17.53,139.4,560.32,22.47,288.11,49.68,1.24,18.06
winter,9.81,168.66,129.64,22.74,345.83,10.14,154.66,481.26,21.11,249.84,49.36,0.58,17.3
winter,10.11,107.03,120.02,41.52,252.67,9.43,106.86,385.31,21.54,224.17,52.91,0.87,17.4
winter,7.44,131.64,115.22,15.17,281.84,9.92,140.6,481.44,25.91,285.94,50.88,1.19,18.26
winter,5.91,144.26,114.86,18.38,299.35,30.82,112.85,322.05,26.49,254.31,46.43,0.58,21.3
winter,6.23,196.08,109.31,13.08,365.16,34.95,123.9,435.86,28.72,192.5,40.69,0.64,19.15
winter,5.64,199.49,112.69,14.37,371.92,16.74,139.17,503.54,23,242.42,46.62,0.55,19.45
winter,7.69,108.36,108.8,16.29,244.92,12.58,157.7,577.55,21.08,271.98,47.77,0.8,20.41
winter,11.53,155.01,120.55,37.39,319.15,13.64,130.18,394.95,22.43,263.69,49.16,0.59,21.74
winter,8.95,99.37,108.07,36.25,222.71,14.99,122.05,413.36,22.51,274.1,46.17,0.91,21.28
winter,6.1,104.99,130.47,15.87,259.64,13.37,116.93,427.67,23.05,268.9,51.86,0.87,23.26
winter,5.36,130.06,122.34,11.9,286.62,22.12,145.39,571.92,22.44,276.86,54.11,0.74,24.46
winter,7.13,349.2,143.32,14.97,541.91,15.88,153.12,594.68,24.37,230.99,50.18,0.57,25.6
winter,7.39,205.15,111.46,12.92,307.4,9.4,107.82,390.01,26.37,174.95,45.15,0.61,22.43
winter,8.77,70.65,99.13,15.96,163.15,36.55,92.35,382.47,26.93,250.13,56.34,1.03,22.22
winter,9.53,63.11,94.51,30.03,167.3,28.44,76.08,229.34,24.36,171.2,42.69,0.74,17.96
winter,5.05,81.93,98.36,9.68,199.21,14.54,69.43,301.83,22.87,201.22,42.51,0.7,24.23
winter,4.53,81.58,100.17,19.79,200.33,21.11,99.51,361.25,23.03,284.12,30.31,1.13,22.47
winter,4.35,96.35,108,8.76,227.8,15.6,166.73,674.4,24.24,234.18,38.1,0.61,24.43
summer,4.75,127,108.55,5.75,243.5,16.27,93.4,443.28,23.32,138.66,39.33,0.54,24.4
summer,6.57,39.16,64.43,11.11,103.52,12.61,126.77,347.25,26.58,136.13,41.83,1.27,23.83
summer,7.2,103.17,308.43,15.16,415.66,12.2,69.49,226.58,26.04,164.79,47.88,0.76,22.95
summer,8.84,101.91,146.61,20.59,269.79,16.64,74.16,232.15,24.36,180.11,37.89,0.76,21.89
summer,6.9,90.09,138.4,14.79,246.35,13.83,94.58,288.25,22.79,270.83,35.36,0.88,22.09
summer,7.31,87.16,134.29,16.79,238.69,13.67,113.81,326.19,22.38,277.3,33.38,1.02,22.44
summer,11.03,128.37,135.35,21.98,295.91,14.81,140.19,487.17,21.79,263.59,33.77,0.87,24.37
summer,7.73,171.92,123.79,16.67,345.08,19.23,78.93,287.72,21.5,151.43,32.51,0.81,22.45
summer,10.73,129.76,117.12,23.56,281.55,14.07,57.98,187.47,23.09,100.61,42.39,1.55,22.73
summer,19.68,158.12,129.15,39.69,331.01,12.16,77.22,250.04,24.9,76.5,46,3.25,20.29
summer,11.19,157.62,125.37,24.65,326.96,12.18,84.45,272.7,26.24,186.85,43.57,0.95,19
summer,8.03,109.52,125.15,16.02,261.06,11.8,145.56,865.83,24.33,206.43,45.33,0.98,18.61
summer,6.24,117.64,132.07,12.61,278.33,12.38,140.99,761.92,27.16,206.51,38.44,0.89,20.03
summer,5.51,122.08,125.48,10.25,278.52,13.68,157.07,643.88,27.47,195.58,39.63,0.62,22.04
summer,5.73,75.66,107.12,10.98,160.71,12.12,141.51,447.45,26.25,200.7,39.86,0.68,24.11
summer,8.7,88.53,111.45,17.64,206.27,12.66,116.25,439.11,27.12,197.39,38.51,0.5,22.84
summer,9,91.22,114.73,16.73,226.79,11.67,173.9,695.69,25.67,243.74,45.95,0.89,24.66
summer,6.44,170.59,125.54,14.3,344.82,11.22,131.29,631.79,35.87,214.21,37.32,0.59,24.69
summer,8.95,62.54,119.86,17.65,192.19,10.91,160.45,760.3,30.99,222.02,41.96,0.44,25.14
summer,9.23,68.16,121.06,19.19,200.95,26.94,150.54,654.66,29.59,264.9,42.3,0.6,26.91
summer,6.21,76.09,121.31,12.67,211.99,21.55,172.95,646.35,30.21,249.77,39.21,0.44,29.08
summer,5.88,106.5,128.98,12.6,260.35,12.01,121.47,391.01,32.18,239.48,36.14,0.67,30.43
summer,6.58,334.01,142.99,14.58,583.55,22.07,85.14,373.55,32.9,190.9,37.35,0.39,29.56
summer,3.51,274.92,160.33,21.7,479.21,14.87,89.94,353.75,34.2,221.71,39.38,0.75,28.79
summer,4.08,289.29,160.25,10.7,537.85,20.78,77.84,302.08,31.41,278.06,35.43,1,29.63
summer,7.94,212.76,159.57,16.51,396.44,30.77,119.18,394.09,34.29,301.26,33.94,1.28,31.3
summer,9.82,51.69,121.43,15.32,160.57,33.64,123.47,411.6,34.58,291.73,34.16,1.35,32.38
summer,3.08,271.56,108.25,6.89,467.28,26.61,71.43,297.02,33.83,274.36,34.44,0.83,33.02
summer,4.75,248.51,92.08,10.42,421.4,39.22,103.13,423.05,34.47,276.39,33.09,1.07,32.98
summer,6.1,24.1,58.05,12.07,63.55,55.92,112.28,417.84,33.5,270.38,31.94,0.93,33.43
summer,6.63,78.62,71.69,15.55,171.26,26.7,84.79,318.54,31.06,254.43,31.37,0.56,33.99
summer,14.4,70.96,75.37,49.35,163.95,48.8,78.92,297.48,33.4,248.31,30.02,0.91,33.48
summer,14.66,76.71,80.34,65.67,175.09,33.35,97.53,494.35,31.39,265.42,28.05,1.25,34.06
summer,12.03,145.77,105.29,58.1,291.48,27.8,49.28,289.76,30.17,249.03,23.12,0.94,31.38
summer,10.61,128.3,98.55,29.29,255.3,45.13,71.15,395.68,29.64,193.75,29.87,1.33,29.05
summer,7.7,108.3,91.2,31.79,229.15,52.05,139.38,717.62,30.07,114.41,39.3,4.07,31.6
summer,11.98,109.58,101.2,31.9,216.1,74.52,181.63,641.74,33.15,178.63,28.57,2.31,30.35
summer,14.66,30.06,67.79,49.66,83.34,56.45,47.01,293.03,33.93,193.02,23.22,0.74,29.56
summer,12.66,184.72,91.86,36.26,286.99,57.67,58.06,375.26,34.24,234.53,15.26,0.79,28.28
summer,4.45,160.59,138.24,12.02,326.52,74.05,71.6,375.1,35.93,277.43,16.43,1.94,29.02
summer,0.32,99.08,110.08,1.68,219.23,48.04,97.7,469.79,36.9,288.8,16.51,2.34,31.63
summer,0.31,80.98,93.35,1.49,193.8,59.43,237.37,624.94,36.32,287.92,15.74,2.18,33.15
summer,0.35,142.5,110.57,1.65,259.95,39.06,237.45,727.06,37.19,253.82,17.56,1.39,33.67
summer,0.7,196.7,132.83,6.96,362.04,55.4,211.55,755.75,38.21,200.14,20.14,0.71,33.91
summer,0.67,231.57,131.63,2.26,425.88,82.49,191.7,633.47,38.11,140.58,22.25,0.84,35.26
summer,0.95,124.94,102.78,7.18,215.4,55.78,115.47,492.54,38.61,234.24,22.11,0.85,34.35
summer,0.41,47.46,70.38,4.09,101.26,89.48,148.71,650.26,38.56,156.4,24.03,1.21,34.91
summer,0.7,53.51,51.19,2.62,64.38,54.7,193.02,758.19,36.35,123.12,32.66,1.57,36.29
summer,1.56,50.65,80.39,13.2,113.39,62.57,217.62,895.75,35.92,189.03,28.71,0.87,37.2
summer,1.04,93.03,89.81,13.96,181.33,71.89,96.74,516.93,34.64,245.68,17.2,0.84,37.52
summer,0.71,102.42,101.24,3.72,224.18,54.16,129.39,479.6,34.16,212.98,22.61,1.07,34.87
summer,0.91,101.21,94.79,5.39,220.19,63.72,126.6,405.06,34.09,117.21,40.72,2.74,38.45
summer,1.29,141.51,96.19,7.57,278.94,49.12,89.88,626.7,34.21,241.89,22.05,1,34
summer,1.44,46.45,69.12,7.98,113.34,62.95,111.83,354.73,33.41,263.36,26.35,1.57,33.9
summer,1,70.87,76.98,5.16,149.08,83.85,131.36,427.65,34.19,260.54,22.35,1.75,33.74
summer,0.45,31.82,101.17,7.27,120.4,99.73,160.54,511.75,33.63,243.49,22.31,1.07,33.22
summer,0.28,92.21,87.26,1.65,174.86,94.55,180.29,490.96,33.92,187.94,22.2,1.2,33.72
summer,0.57,116.51,89.72,8.74,233.58,98.69,87.08,309.95,35.18,213.39,24.46,1.21,33.29
summer,0.8,99.08,70,8.98,184.32,55.53,103.4,320.54,35.28,160.37,25.94,1.18,31.98
summer,1.06,131.41,77.76,11.5,248.72,47.2,234.72,701.28,34.71,125.34,29.57,2.57,32.96
summer,0.73,271.31,87.22,2.4,448.21,80.62,161.35,586.99,35.62,181.45,23.74,0.97,34.8
summer,0.88,45.4,104.33,5.62,145.45,68.75,127.97,459.48,36.94,166.55,22,0.68,33.75
summer,0.49,38.81,92.35,1.77,111.03,92.27,212.93,609.51,38.18,150.66,24.61,1.37,34.3
summer,0.41,22.88,65.99,1.85,65.52,51.29,269.73,566.35,38.11,232.58,26.07,1.21,35.77
summer,0.54,14.9,58.01,8.8,57.97,60.97,266.19,608.17,37.68,242.7,23.28,1.03,36.84
summer,0.51,30.57,72.05,3.29,89.74,61.64,180.81,552.6,35.38,191.12,22.83,0.54,38.07
summer,0.66,43.29,80.22,4.38,95.98,28.58,94.17,444.6,36.55,216.17,22.18,0.63,37.75
summer,0.85,66.63,85.83,4.74,124.05,35.75,72.14,294.22,36.75,181.33,25.22,0.87,36.42
summer,0.97,113.44,119.68,6.39,252.15,27.78,114.56,448.03,37.56,131.8,30.56,2.4,33.9
summer,1.32,192.75,155.18,8.75,400.63,78.63,200.55,795.43,38.57,132.99,38.23,3.34,36.4
summer,0.78,236.33,156.2,10.35,461.9,70.62,285.25,538.6,38.85,146.29,31.34,1.54,36.53
summer,0.67,201.44,140.91,3.92,400.64,63.37,134.75,473.35,36.88,175.29,31.06,1.06,38.05
summer,NA,170.03,103.25,NA,324.18,37.75,192.34,584.87,34.07,216.51,27.54,0.74,39.32
summer,NA,94.3,83.85,NA,204.17,63.53,104.03,467.16,36.37,243.18,21.48,0.86,39.35
summer,NA,30.13,96.56,NA,130.35,38.94,78.05,385.86,34.24,224.94,20.77,1.06,37.5
summer,NA,96.1,111.12,NA,230.24,72.46,216.86,331.43,34.51,262.28,25.86,1.6,33.28
summer,NA,75.52,113.17,NA,203.94,52.55,190.1,450.6,33.42,222.82,33.32,1.32,37.24
summer,NA,76.52,83.7,NA,179.75,54.08,350.73,533.85,30.68,137.78,30.24,1.7,35.42
summer,NA,13.37,36.59,NA,56.18,37.81,183.35,690.19,34.27,183.38,31.93,1.07,34.63
summer,NA,34.3,37.67,NA,80.52,22.24,99.75,549.17,36.92,203.36,29.67,1,32.93
summer,NA,121.99,74.75,NA,233.19,21.51,176.51,"1,011.07",37.63,174.62,39.31,1.33,27.43
summer,NA,144.18,103.3,NA,288.92,26.35,116.03,508.61,38.11,221.97,54.08,0.75,29.35
summer,NA,100.21,114.91,NA,239.2,23.14,103.11,408.6,36.79,246.44,52.44,0.43,38.91
summer,NA,62.21,102.84,NA,177.72,41.36,53.27,359.62,33.13,144.04,29.41,1.18,38.29
summer,NA,105.33,88.18,NA,222.41,49.56,36.61,141.21,31,138.59,28.74,2.28,34.38
summer,NA,154.39,83.98,NA,285.64,74.29,46.6,153.95,33.25,98.99,39.74,4.18,31.44
summer,NA,109.51,89.64,NA,230.06,62.95,59.99,244.9,30.76,97.69,50.07,4.55,28.66
summer,NA,42.34,82.81,NA,132.94,38.03,63.26,181.59,34.07,114.64,59.32,2.7,32.69
summer,2.53,73.37,82.54,24.12,175.05,46.66,111.34,468.46,36.25,109.47,47.63,1.83,29.23
monsoon,3.19,103.66,86.98,19.18,219.15,61.73,142.79,628.88,38.77,113.43,60.94,2.46,33.16
monsoon,1.67,69.88,79.14,7.95,165.93,56.4,142.36,688.69,40.83,218.32,49.07,0.83,36.31
monsoon,1.63,83.81,68.49,16.96,178.13,26.07,124.95,673.1,41.12,240.65,36.12,0.63,38.7
monsoon,1.8,10.31,64.04,9.74,77.7,17.71,75.27,464.6,39.54,241.5,28.56,0.89,40.28
monsoon,1.72,8.06,52.39,13.88,63.97,26.13,75.31,407.08,33.64,256.27,23.44,0.94,40.62
monsoon,3.73,2.33,49.55,17.52,56.71,30.4,43,287.73,33.21,264.67,26.46,0.98,38.64
monsoon,3.94,46.65,57.04,19.54,117.14,20.4,53.97,198.75,34.42,219.57,34.67,1.94,31.13
monsoon,1.36,15.51,57.82,8.19,77.59,20.25,67.17,326.99,38.01,96.56,49.63,3.7,30.76
monsoon,2.05,89.32,58.85,10.28,176.52,24.91,109.61,267.43,36.32,151.51,54.48,1.36,33
monsoon,1.9,63.48,47.5,7.4,131.07,32.22,61.03,NA,36.38,140.61,49.08,1.1,34.81
monsoon,1.91,11.81,35.7,6.77,54.47,29.74,83.47,140.47,40.78,156.76,41.95,0.79,32.88
monsoon,2.14,40.67,37.59,22.94,91.57,29.89,95.49,556.06,37.53,176.36,38.69,1.34,36.16
monsoon,1.97,54.95,37.03,15.71,108.71,16.99,85.29,547.9,41.78,219.48,33.08,0.76,37.79
monsoon,2.61,88.85,45.44,12.62,161.95,6.56,80.01,517.98,22.81,230.72,29.45,0.85,37.11
monsoon,3.78,18.42,53.3,16.26,79.33,8.67,57.4,249.42,29.43,232.14,29.29,0.8,36.29
monsoon,1.78,33.87,53.63,7.19,96.77,28.38,50.27,274.14,36.59,203.17,31.9,0.84,30.22
monsoon,2.59,116.23,67.79,13.44,219.43,20.7,80.33,617.34,31.52,151.3,54.33,1.93,30.4
monsoon,1.81,108.35,67.52,13.62,208.2,21.42,62.97,602.64,21.99,194.24,56.5,1.05,33.47
monsoon,1.62,64.11,50.08,24.93,134.78,25.65,35.13,213.35,34.49,246.64,51.69,0.71,32.6
monsoon,1.25,36.97,55.3,21.55,103.54,16.96,64.06,136.27,34.98,208.72,53.66,1.03,27.73
monsoon,1.32,29.97,44.15,10.9,82.25,17.57,79.09,404.12,36.7,150.75,67.83,1.14,28.38
monsoon,1.51,24.92,36.72,18.13,69.29,19.2,75,377.03,41.1,169.77,70.46,1.26,31.36
monsoon,3.23,14.73,35.59,27.04,56.55,34.53,98.29,527.07,44.79,242.44,58.42,0.76,33.3
monsoon,2.78,6.28,35.49,22.05,48.92,19.15,81.78,276.72,43.93,234.53,52.1,0.79,34.95
monsoon,2.94,6.75,29.58,13.36,44.21,20.71,58.57,183.33,46.31,142.57,51.15,0.68,35.94
monsoon,1.5,27.22,36.12,18.74,73.82,20.8,44.78,179.56,29.49,100.45,47.24,1.66,34.95
monsoon,1.03,16.53,32.25,22.59,56.58,24.52,39.32,84.83,24.02,99.04,54.39,2.22,35.17
monsoon,1,86.38,34.73,18.04,151.98,22.78,25.69,77.43,35.03,90.43,54.91,3,30.18
monsoon,0.92,31.84,42.5,23.2,83.83,33.61,33.39,65.79,28.83,152.54,71.52,1.55,30.33
monsoon,1.12,19.39,31.05,13.18,57.58,11.97,65.77,160.5,54.12,107.29,74.65,1.64,28.59
monsoon,0.6,9.58,28.4,6.57,45.35,15.35,23.99,67.43,35.89,158.18,77.61,0.99,30.06
monsoon,1.17,12.67,30.51,9.08,51.99,17.54,64.91,314.72,35.32,153.13,72.06,1.05,22.91
monsoon,1.29,7.72,22.41,20.9,39.44,29.26,63.98,553.15,29.16,108.78,76.53,1.95,30.16
monsoon,1.45,10.13,17.33,24.25,38.51,24.71,57.2,540.56,35.56,165.54,64.84,0.6,33.8
monsoon,0.94,14.05,18.55,5.74,44.49,28.8,55.52,247.9,36.67,224.64,59.28,0.56,33.91
monsoon,1.02,16.13,29.46,4.57,53.17,23.68,50.71,155.6,25.62,209.61,54.71,0.61,29.96
monsoon,2.06,22.93,32.17,9.83,62.5,35.04,67.5,435.16,24.4,124.78,63.2,1.88,28.14
monsoon,2.42,4.88,20.26,7.69,37.79,18.39,88.7,525.31,28.77,140.91,66.82,1.21,31.45
monsoon,2.71,32.22,28.97,10.09,73.63,18.07,54.8,292.6,42.02,194.97,55.14,0.47,34.81
monsoon,1.76,80.42,34.15,5.94,140.79,17.49,50.27,130.42,23.62,195.6,48.75,0.44,34.46
monsoon,2.35,133.32,38.31,12.64,216.31,19.45,36.3,111.05,28.3,213.17,51.05,1.16,30.12
monsoon,3.74,133.91,46.44,16.18,224.23,20.92,32.96,151.39,29.51,152.3,69.67,1.58,28.87
monsoon,4.01,118.54,40.09,25.54,197.6,28.01,42.42,167.94,29.59,124.8,70.98,1.75,31.38
monsoon,2.72,70.34,32.94,11.94,125.57,22.72,46.44,154.12,33.47,81.6,60.6,2.57,31.86
monsoon,2.54,66.9,40.83,19.05,128.91,10.87,53.4,176.68,41.71,79.95,60.5,2.9,31.61
monsoon,4.1,17.82,3.63,24.95,27.66,10.73,51.53,159.62,56.99,83.78,64.37,2.31,32.06
monsoon,3.08,19.07,21.74,14.27,46.23,17.37,46.71,159.56,28.18,83.78,65.3,2.27,30.29
monsoon,1.53,29.21,37.55,5.37,77.36,14.39,79.1,281.7,33.11,97.1,70.72,1.59,32.95
monsoon,1.39,43.61,42.87,4.26,98.97,12.43,39.71,105.46,44.85,97.31,61.17,1.43,34.31
monsoon,1.6,114.26,46.01,7.3,197.01,11.87,32.9,120.11,37.29,146.41,59.09,0.73,28.8
monsoon,2.06,101.72,42.59,8.04,176.95,15.84,31.85,79.24,50.63,103.21,71.68,2.02,31.84
monsoon,1.91,122.46,44.8,4.74,207.16,22.48,40.05,84.45,21.2,88.83,63.69,2.55,29.55
monsoon,2.34,98.26,49.19,8.31,177.97,19.61,27.09,55.13,56.64,88.88,68.59,3.48,28.23
monsoon,2.37,89.91,56.36,8.33,173.4,25.42,26.67,80.87,31.59,92.89,73.37,2.91,29.49
monsoon,1.64,81.39,51.01,10.27,156.58,23.66,35.14,120.87,1.17,96.2,71.85,2.81,29.41
monsoon,2.13,70.8,57.8,21.76,148.21,18.85,39.13,135.71,16.72,92.26,72,3.26,29.5
monsoon,1.23,78.2,51.81,13.94,152.92,11.98,46.74,163.88,30.45,96.85,72.03,1.91,31.84
monsoon,1.24,22.93,30.49,15.09,60.8,10.43,36.33,90.54,33.46,89.31,57.41,2.28,31
monsoon,2.16,29.43,31.76,16.14,73.59,9.49,26.99,133.17,32.27,90.41,65.21,2.61,30.63
monsoon,2.11,5.82,25.41,17.32,43.17,9.83,36.12,61.81,33.99,104.27,66.2,3.22,31.61
monsoon,1.41,14.17,28.85,9.62,51.39,10.34,40.25,136.92,32.85,168.94,62.72,1.37,28.37
monsoon,1.75,32.8,38.16,20.68,83.09,9.85,42.33,395.29,35.21,178.4,78.61,0.45,29.03
monsoon,2.13,34.37,37.07,20.58,82.96,10.63,45.52,448.43,35.9,265.49,76.53,0.35,29.75
monsoon,2.31,20.22,30.45,26.93,56.45,7.88,47.66,374.6,34.67,270.9,69.81,0.35,30.85
monsoon,1.4,19.83,28.98,25.2,164.66,13.12,64.29,437.31,34.38,266.95,64.19,1.03,30.83
monsoon,1.77,38.3,17.77,36.54,219.28,22.08,84.77,426.9,33.18,213.9,65.06,1.19,32.19
monsoon,1.17,60.02,26.24,11.6,316.89,17.23,65.96,164.53,33.37,217.38,59.94,0.58,32.66
monsoon,1.95,30.45,8.93,20.05,173.33,6.05,52.17,189.73,33.23,200.95,60.07,0.85,29.04
monsoon,2.34,46.61,8.85,9.84,237.53,13.86,67.47,172.63,32.93,136.89,75.11,0.84,30.9
monsoon,2.52,11.26,7.36,13.78,96.73,8.42,62.65,279.64,29.69,127.75,69.91,1.1,31.16
monsoon,2.51,37.54,13.46,8.66,210.37,7.85,38.48,260.14,33.29,157.44,70.72,0.74,31.7
monsoon,2.94,168.06,3.39,12.32,714.93,20.34,29.99,243.71,33.92,254.62,66.71,0.82,32.52
monsoon,2.29,187.86,2.53,8.35,792.12,20.62,36.03,491.19,32.77,268.2,60.49,1.54,31.98
monsoon,2.16,153.12,7.44,8.59,660.05,46.23,41.98,339.38,35.7,265.69,59.23,1.45,32.06
monsoon,2.08,155.31,4.26,14.38,666.25,15.61,45.76,206.84,30.96,255.12,60.45,1.03,32.36
monsoon,5.39,117.73,26.72,19.73,558.39,16.21,49.89,186.32,31.92,239.88,55.67,0.72,33.72
monsoon,4.64,130.57,15.32,16.65,582.85,9.99,59.23,310.71,31.54,274.39,54.08,0.89,33.47
monsoon,6.14,102.44,15.92,25.21,468.44,10.63,49.47,233.48,33.03,281.04,53.01,1.2,34.29
monsoon,5.24,118.88,15.57,35.92,531.85,11.44,47.33,128.86,32.22,250.11,51.19,0.97,33.81
monsoon,5.39,147.79,35.46,18.52,695.23,17.39,34.61,100.48,32.64,199.54,52.34,1.28,28.7
monsoon,4.04,258.66,63.9,14.31,"1,141.71",12.54,36.56,134.93,32.57,105.69,74.19,1.88,31.4
monsoon,2.98,67.51,36,18.45,364.7,23.86,45.43,156.36,33.77,91.27,64.9,2.78,31.85
monsoon,3.23,82.85,35.73,15.81,427.27,12.2,44.18,109.26,34.38,93.7,64.08,2.68,31.51
monsoon,6.06,88.19,38.59,22.69,454.11,12.19,34.6,62.28,31.55,114.65,65.94,1.68,29.43
monsoon,3.66,27.64,34.22,10.48,202.3,21.57,46.34,150.09,32.06,97.14,71.65,1.25,27.18
monsoon,2.65,56,11.28,7.64,290.25,12.72,41.11,162.09,33.83,98.59,78.82,0.47,32.46
monsoon,3.03,73.04,38.35,9.52,393.29,10.37,41.27,159.5,32.17,109.9,60.02,1.55,29.49
monsoon,4.75,81.12,41.35,22.59,433.23,10.43,34.84,139.55,32.57,138.54,67.76,0.85,31.48
monsoon,2.05,66.6,54.94,26.61,410.83,18.27,34,82.53,32.4,127.24,59.99,0.67,29.54
monsoon,1.11,26.01,45.85,21.67,232.55,10.92,29.8,85.58,32.9,84.89,66.72,3.13,30.32
monsoon,2.87,46.97,44.85,14.35,307.43,11.77,33.64,51.53,32.03,87.29,65.54,2.92,29.71
monsoon,2.84,9.71,17.08,10.32,117.47,34.41,29.35,47.27,32.87,86.65,69.05,3.35,27.94
monsoon,8.68,32.37,11.16,32.82,185.05,12.26,32.12,76.65,32.96,106.48,77.44,1.66,28.06
monsoon,6.45,84.54,27.79,22.86,422.94,13.69,43.83,164.69,33.77,210.24,77.05,0.46,27.55
monsoon,9.04,84.1,39.15,39.6,445.31,13.1,60.16,265.95,33.46,240.74,76.87,0.49,30.35
monsoon,6.06,125.06,67.54,21.31,677.34,14.91,37.36,195.68,33.12,235.23,66.19,0.46,31.65
monsoon,5.63,137.05,69.43,20.35,730.59,21.95,41.65,234.69,33.52,237.16,62.53,0.44,31.49
monsoon,4.8,149.44,95.82,27.26,"1,098.10",24.08,57.07,165.49,33.68,279.34,59.15,0.47,31.41
monsoon,5.3,23.08,96.07,15.41,860.91,13.13,72.54,216.69,33.74,252.6,60.26,0.46,28.78
monsoon,5.42,33.42,91.85,16.16,350.64,15.81,58.25,341.85,32.2,196.37,69.75,0.63,31.2
monsoon,4.77,33.8,74.67,13.62,276.36,8.69,81.13,238.67,32.46,239.14,62.05,0.31,31.9
monsoon,5.41,27.81,75.76,16.68,358.21,8.27,73.66,220.62,32.92,271.36,60.11,0.45,33.78
monsoon,3.2,36.54,31.56,11.3,81.89,8.21,58.35,221.06,33.36,183,53.59,0.5,32.7
monsoon,4.25,24.9,58.03,11.51,271.43,9.42,71.52,250.18,33.5,192.11,54.71,0.62,32.14
monsoon,4.09,20.99,55.61,11.35,249.11,14.1,84.43,205.94,33.08,251.97,56.76,0.51,32.27
monsoon,4.62,41.11,51.19,25.59,114.49,15.86,97.02,207.49,30.73,210.22,58.39,0.46,32.45
monsoon,4.89,46.71,66.02,42.46,163.18,12.91,39.6,113.17,29.93,149.31,58.13,0.44,30.97
monsoon,4.8,43.77,83.07,40.37,207.48,15.62,52.6,103.2,30.93,199.46,61.84,0.34,30.06
monsoon,4.89,28.23,86.67,33.84,278.5,13.16,58.5,126.68,32.26,272.38,63.49,0.32,31.04
monsoon,7.74,17.74,83.85,33.08,308.04,13.78,86.3,168.92,32.51,278.46,58.61,0.72,32.15
monsoon,7.9,28.49,89.48,22.31,326.95,14.26,96.44,174.05,32.68,269.38,54.09,0.49,32
monsoon,12.27,26.39,77.3,34.71,273.43,12.63,62.4,110.63,33.47,177.74,52.34,0.59,31.91
monsoon,9.54,21.62,108.29,28.84,431.65,14.71,20.69,31.82,32.64,147.32,49.89,0.4,30.77
monsoon,9.9,31.05,106.59,44.21,422.92,15.28,24.36,28.73,32.43,95.56,59.38,2.03,25.6
monsoon,7.73,20.26,130.22,20.3,591.67,25.47,42.62,89.84,32.16,99.93,78.24,1.72,24.58
monsoon,6.57,23.64,123.51,26.77,537.52,32.26,68.71,186.08,32.34,196.59,84.41,0.39,27.12
monsoon,6.76,18.82,121.24,13.7,484.12,29.94,91.4,313.31,31.72,276.72,73.06,0.44,30.22
monsoon,6.9,25.33,130.09,20.29,441.76,43.75,103.95,544.17,32.44,259.71,63.75,0.49,31.08
monsoon,9.25,14.34,106.45,27.27,439.6,22.11,128.23,501.43,32.84,246.98,59.06,0.47,31.61
monsoon,6.95,25.38,89.14,28.35,288.02,27.04,106.69,505.56,32.81,187.31,55.14,0.3,31.62
monsoon,6.99,27.16,121.43,36.96,398.16,16.25,98.24,384.2,32.04,174.27,53.44,0.32,31.57
monsoon,6.82,18.34,125.27,23.56,596.94,17.15,90.49,454.5,31.95,220.8,54.2,0.35,31.38
post monsoon,6.94,22.69,105.85,25.74,352.73,16.28,83.4,427.49,32.26,216.04,48.63,0.44,31.01
post monsoon,7.33,20.53,108.7,40.6,441,15.85,80.38,363.38,33.36,237.18,44.11,0.48,31.34
post monsoon,3.66,18.72,132.73,26.76,580.17,14.69,102.68,398.37,32.21,247.57,41.11,0.7,30.54
post monsoon,5.52,18.89,143.42,34.83,522.71,20.67,85.02,273.98,31.87,242,48.9,0.45,31.25
post monsoon,5.35,15.15,131.37,29.97,503.05,36.08,85.89,302.37,31.1,234.33,49.83,0.44,32.16
post monsoon,7.44,27.23,94.41,28.18,238.49,41.49,102.89,395.11,31.81,209.16,44.52,0.57,31.82
post monsoon,7.28,17.98,117.62,31.23,436.87,30.71,187.62,488.89,31.53,217.93,40.02,0.49,31.22
post monsoon,3.42,28.28,101.59,24.01,258.15,31.01,156.08,463.32,31.64,240.19,44.56,0.39,30.88
post monsoon,3.76,25.75,110.62,17.36,377.59,19.74,169.69,478.15,31.1,131.93,49.97,0.42,30.76
post monsoon,4.72,19.56,131.59,28.89,484.35,29.04,162.07,463.22,31.15,90.23,46.91,0.81,30.63
post monsoon,6.74,18.6,66.88,42.66,93.55,43.51,214.48,601.18,31.59,110.34,48.47,0.52,29.77
post monsoon,10.76,31.53,63.21,33.47,143.83,49.48,162.96,586.07,31.48,108.82,49.56,0.71,30.01
post monsoon,10.77,29.18,64.16,27.19,230.23,30.44,204.74,475.5,30.96,211.71,50.79,0.32,29.95
post monsoon,9.25,10.07,72.91,23.88,369.21,30.54,222.02,524.96,31.33,241.83,48.25,0.49,29.99
post monsoon,15.72,14.26,97.31,34.91,548.13,43.37,206.79,523.83,31.05,204.98,45.55,0.38,29.35
post monsoon,9.58,12.14,97.53,23.99,644.47,34.06,194.98,502.91,30.3,198.49,43.88,0.32,29.57
post monsoon,12.97,28.55,106.15,33.77,372.29,41.51,235.9,581.03,29.87,194.76,42.11,0.44,28.83
post monsoon,12.68,31.58,100.53,38.27,276.46,19.55,254.72,616.85,28.93,227.62,45.63,0.4,28.75
post monsoon,13.61,30.36,147.38,38.03,386.91,19.1,340.54,"1,026.91",30.49,183.61,44.36,0.44,29.79
post monsoon,9.97,10.43,115.02,32.07,467.2,11,364.42,677.14,30.38,128.73,46.95,0.39,29.21
post monsoon,5.48,16.58,126.55,21.88,608.32,56.87,216.85,583.18,30.08,138.45,47.16,0.43,28.07
post monsoon,5.01,17.84,93.79,40.4,464.34,70.67,232.53,649.67,29.59,198.09,47.44,0.31,28.13
post monsoon,5.33,20.01,97.33,18.81,339.17,75.74,223.22,588.33,29.5,145.27,42.95,0.58,27.81
post monsoon,4.75,22.29,79.51,12.3,105.67,54.6,255.75,676.2,28.11,166.16,43.27,0.34,26.87
post monsoon,6.21,36.66,83.71,15.62,165.92,62.53,247.99,670.65,26.29,229.83,44.18,0.48,26.14
post monsoon,3.45,68.25,103.46,8.89,237.69,58.02,203.69,430.65,26.13,219.72,45.09,0.4,26.52
post monsoon,3.96,68.05,85.83,10.4,234.6,50.26,245.19,498.5,25.78,109.49,46.71,0.94,25.99
post monsoon,7.64,75.45,114.62,16.02,260.79,91.42,240.67,440.94,25.76,101.37,49.64,0.87,25.87
post monsoon,8.11,56.01,96.75,18.17,209.64,73.19,270.75,683.72,25.53,123.34,48.14,0.64,25.25
post monsoon,7.72,53.1,110.91,17.77,242.64,56.92,352.39,648.67,25.11,106.24,52.09,0.83,25.01
post monsoon,11.54,30.06,129.23,25.11,445.72,14.45,199.32,347.41,23.84,157.68,54.3,0.35,24.59
post monsoon,9.97,81.7,134.39,21.7,460,15.89,185.02,330.53,24.47,125.19,56.35,0.61,25.1
post monsoon,10.52,89.97,145.81,26.95,513.01,33.16,223.1,398.29,24.39,88.74,55.26,1.66,24.64
post monsoon,9.65,66.98,161.58,19.72,607.26,17.32,249.85,520.07,24.13,94.51,61.03,1.1,24.22
post monsoon,11.82,67.8,173.83,33.1,630.77,20.11,300.71,601.31,24.17,98.45,62.35,0.84,24.31
post monsoon,12.05,53.4,193.62,51.37,623.03,19.14,320.32,550.78,24.35,106.8,62.29,0.88,24.61
post monsoon,10.62,86.42,182.01,29.18,618.83,17.06,330.2,180.28,25.12,163.77,57.16,0.35,24.23
post monsoon,11.56,77.24,178.09,33.65,744.84,37.32,311.74,NA,25.05,207.5,56.65,0.36,23.62
post monsoon,16.62,95.04,146.45,47.32,601.59,31.59,566.01,NA,24.18,179.62,61.75,0.32,21.34
post monsoon,14.98,62.38,136.42,36.64,609.77,29,574.47,6.45,23.81,147.54,70.1,0.33,22.35
post monsoon,15.93,64.78,153.27,38,626.23,32.61,477.88,NA,24.25,172.09,59.59,0.3,19.66
post monsoon,11.93,47.85,192.85,29.33,846.7,32.61,474.97,NA,23.73,159.17,68.01,0.32,21.88
post monsoon,5.15,42.75,149.73,14.01,780.87,41.54,516.11,NA,22.65,163.09,58.64,0.31,21.57
post monsoon,3.65,58.57,163.76,10.61,776.47,23.93,316.5,NA,22.28,155.57,60.31,0.3,21.32
post monsoon,5.63,77.27,108.01,11.88,288.35,28.59,250.21,60.17,22.51,82.21,60.24,0.66,22.42
post monsoon,10.03,74.75,87.85,23.29,218.32,120.45,248.97,78.62,22.48,95.82,52.44,1.35,21.89
post monsoon,16.55,76.24,88.88,43.48,211.27,66.43,185.95,141.58,22.52,78.51,48.94,1.07,20.85
post monsoon,6.65,66.13,113.76,22.27,345.93,61.22,163.42,165.58,22.45,157.59,55.1,0.37,20.98
post monsoon,2.7,49.45,149.35,15.29,656.84,69.69,147.21,172.79,22.25,222.28,54.79,0.37,22.88
post monsoon,5.01,49.86,138.33,14.17,744.3,59.96,194.04,152.13,22.37,280.69,49.31,0.34,20.38
post monsoon,4.65,83.11,116.61,9.73,541.11,58.41,230.19,41.01,22.7,272.54,43.74,0.35,18.94
post monsoon,2.86,63.54,80.64,7.34,155.25,38.3,251.89,278.82,23.6,273.65,39.52,0.39,17.95
post monsoon,3.91,68.77,71.66,8.37,179.49,25.71,230.83,274.33,23.1,262.29,42.4,0.47,18.58
post monsoon,3.87,63.77,66.01,8.51,159.46,25.55,304.38,624.93,22.34,261.46,40.11,0.38,18.63
post monsoon,6.54,59.87,61.5,15.19,141.01,25.08,268.01,615.83,22,259.71,36.57,0.34,18.62
post monsoon,7.98,82.88,93.76,18.53,247.2,36.47,291.2,534.88,21.96,249.02,40.25,0.37,18.87
post monsoon,6.51,81.7,97.84,14.81,269.92,50.12,279.75,520.11,22.24,249.75,40.71,0.33,22.08
post monsoon,4.09,81.46,123.59,8.85,491.31,45.55,280.31,612.63,23.37,215.97,34.81,0.3,18.59
post monsoon,5.89,86.29,124.96,12.68,376.5,30.51,359.27,668.95,23.47,252.99,43.9,0.42,19.26
post monsoon,11.35,86.84,116.66,27.12,335.15,27.36,339.25,836.57,23.21,233.26,44.33,0.32,20.04
post monsoon,8.21,77.94,99.22,16.67,267.98,24.62,299.88,757.35,22.54,120.58,46.04,0.42,19.39
post monsoon,7.21,73.37,116.78,15.41,440.12,24.07,418.13,833.59,22.01,178.36,49.78,0.3,18.42
post monsoon,10.77,68.25,152.96,24.92,701.11,28.71,424.71,661.92,22.15,209.3,47.18,0.31,17.69
post monsoon,9.41,74.46,124.78,23.49,537.85,20.44,464.34,307.46,22.35,167.13,49.27,0.3,17.22
post monsoon,8.52,87.93,143.5,22.47,600.84,17.15,357.63,298.85,22.18,184.06,50.76,0.3,17.76
post monsoon,10.34,78.78,161.96,28.67,788.94,29.6,140.12,413.19,21.05,185.68,51.35,0.3,19.51
post monsoon,12.31,86.77,140.28,32.29,658.88,19.59,98.15,704.95,20.82,213.38,49.59,0.3,20.1
post monsoon,10.6,85.44,126.21,22.05,624.37,16.37,155.18,821.41,19.41,269.73,35.62,0.31,19.93
post monsoon,8.94,77.78,134.12,23.47,709.14,19.21,313.58,639,22.26,269.83,25.95,0.45,18.74
post monsoon,7.37,72.01,130.62,14.97,656.78,21.75,396.43,213,21.32,266.49,32.44,0.43,18.48
post monsoon,8.35,81.38,88.09,21.88,290.06,19.39,353.5,341.76,22.68,228,41.7,0.31,18.35
post monsoon,7.6,63.52,83.92,21.7,248.21,18.34,145.38,320.85,21.45,203.17,47.24,0.32,17.58
post monsoon,10.62,66.18,87.17,22.07,275.08,23.58,174.49,342.05,21.53,145.92,56.25,0.58,17.07
post monsoon,6.69,65.65,92.14,12.06,204.78,19.61,184.89,328.21,22.2,184.45,70.46,0.59,16.58
post monsoon,7.07,42.54,82,13.76,201.57,18.55,198.29,346.04,22.46,260.81,67.64,0.32,13.83
post monsoon,10.2,87.1,123.67,21.19,434.07,17.12,116.78,489.48,23.57,250.66,70.22,0.43,13.03
post monsoon,5.68,87.04,104.51,11,358.36,20.4,181.58,700.54,25.14,253.84,66.06,0.41,18.62
post monsoon,6.4,91.08,128.73,11.64,550.95,27.59,265.35,653,25,278.98,36.02,0.8,17.64
post monsoon,5.05,92.93,138.88,8.82,715.9,33.8,441.41,383.42,24.91,276.78,41.54,0.46,16.66
post monsoon,,86.1,108.98,,343.55,29.03,416.12,374.13,25.23,256.42,49.73,0.32,16.86
,,,,,,,,,25.46,,,,18.62
,,,,,,,,,25.14,,,,18.67
,,,,,,,,,24.91,,,,18.07
,,,,,,,,,24.3,,,,16.49
,,,,,,,,,,,,,16.33
,,,,,,,,,,,,,16.45
,,,,,,,,,,,,,16.4
,,,,,,,,,,,,,17.47
,,,,,,,,,,,,,17.22
,,,,,,,,,,,,,16.12
,,,,,,,,,,,,,14.34
,,,,,,,,,,,,,13.18
,,,,,,,,,,,,,11.63
,,,,,,,,,,,,,12.41
,,,,,,,,,,,,,11.76
,,,,,,,,,,,,,11.24
,,,,,,,,,,,,,12.85
,,,,,,,,,,,,,13.66
,,,,,,,,,,,,,14.45
,,,,,,,,,,,,,14.27
,,,,,,,,,,,,,15.56
,,,,,,,,,,,,,16.02
,,,,,,,,,,,,,16.03
